<?xml version="1.0" encoding="utf-8" ?>
<dwsync>
<file name="3d bar chart.gif" server="barric3gs.com/public_html/" local="128880378300000000" remote="129942585600000000" />
<file name="Abort.gif" server="barric3gs.com/public_html/" local="128880378300000000" remote="129942585600000000" />
<file name="About.gif" server="barric3gs.com/public_html/" local="128880378300000000" remote="129942585600000000" />
<file name="Add.gif" server="barric3gs.com/public_html/" local="128880378300000000" remote="129942585600000000" />
<file name="Anchor.gif" server="barric3gs.com/public_html/" local="128880378300000000" remote="129942585600000000" />
<file name="Application.gif" server="barric3gs.com/public_html/" local="128880378300000000" remote="129942585600000000" />
<file name="Apply.gif" server="barric3gs.com/public_html/" local="128880378300000000" remote="129942585600000000" />
<file name="Back.gif" server="barric3gs.com/public_html/" local="128880378300000000" remote="129942585600000000" />
<file name="Bad mark.gif" server="barric3gs.com/public_html/" local="128880378300000000" remote="129942585600000000" />
<file name="big.jpg" server="barric3gs.com/public_html/" local="129094242600000000" remote="129942585600000000" />
<file name="Blue key.gif" server="barric3gs.com/public_html/" local="128880378300000000" remote="129942585600000000" />
<file name="Blue tag.gif" server="barric3gs.com/public_html/" local="128880378300000000" remote="129942585600000000" />
<file name="Boss.gif" server="barric3gs.com/public_html/" local="128880378300000000" remote="129942585600000000" />
<file name="Bottom.gif" server="barric3gs.com/public_html/" local="128880378300000000" remote="129942585600000000" />
<file name="bottom_fish1.png" server="barric3gs.com/public_html/" local="129772057920000000" remote="129942586200000000" />
<file name="bottom_fish2.png" server="barric3gs.com/public_html/" local="129772057920000000" remote="129942586200000000" />
<file name="bottom_fish3.png" server="barric3gs.com/public_html/" local="129772057920000000" remote="129942586200000000" />
<file name="bottom_fish4.png" server="barric3gs.com/public_html/" local="129772057920000000" remote="129942586200000000" />
<file name="Calculator.gif" server="barric3gs.com/public_html/" local="128880378300000000" remote="129942586200000000" />
<file name="Calendar.gif" server="barric3gs.com/public_html/" local="128880378300000000" remote="129942586200000000" />
<file name="Car key.gif" server="barric3gs.com/public_html/" local="128880378300000000" remote="129942586200000000" />
<file name="CD.gif" server="barric3gs.com/public_html/" local="128880378300000000" remote="129942586200000000" />
<file name="Clipboard.gif" server="barric3gs.com/public_html/" local="128880378300000000" remote="129942586200000000" />
<file name="Clock.gif" server="barric3gs.com/public_html/" local="128880378300000000" remote="129942586200000000" />
<file name="Close.gif" server="barric3gs.com/public_html/" local="128880378300000000" remote="129942586200000000" />
<file name="Compass.gif" server="barric3gs.com/public_html/" local="128880378300000000" remote="129942586200000000" />
<file name="Component.gif" server="barric3gs.com/public_html/" local="128880378300000000" remote="129942586200000000" />
<file name="Copy.gif" server="barric3gs.com/public_html/" local="128880378300000000" remote="129942586200000000" />
<file name="Create.gif" server="barric3gs.com/public_html/" local="128880378300000000" remote="129942586200000000" />
<file name="Cut.gif" server="barric3gs.com/public_html/" local="128880378300000000" remote="129942586200000000" />
<file name="Danger.gif" server="barric3gs.com/public_html/" local="128880378300000000" remote="129942586200000000" />
<file name="Database.gif" server="barric3gs.com/public_html/" local="128880378300000000" remote="129942586200000000" />
<file name="Delete.gif" server="barric3gs.com/public_html/" local="128880378300000000" remote="129942586200000000" />
<file name="Delivery.gif" server="barric3gs.com/public_html/" local="128880378300000000" remote="129942586200000000" />
<file name="Dial.gif" server="barric3gs.com/public_html/" local="128880378300000000" remote="129942586200000000" />
<file name="Disaster.gif" server="barric3gs.com/public_html/" local="128880378300000000" remote="129942586200000000" />
<file name="Dollar.gif" server="barric3gs.com/public_html/" local="128880378300000000" remote="129942586200000000" />
<file name="Down.gif" server="barric3gs.com/public_html/" local="128880378300000000" remote="129942586200000000" />
<file name="Download.gif" server="barric3gs.com/public_html/" local="128880378300000000" remote="129942586200000000" />
<file name="E-mail.gif" server="barric3gs.com/public_html/" local="128880378300000000" remote="129942586200000000" />
<file name="Eject.gif" server="barric3gs.com/public_html/" local="128880378300000000" remote="129942586200000000" />
<file name="Erase.gif" server="barric3gs.com/public_html/" local="128880378300000000" remote="129942586200000000" />
<file name="Error.gif" server="barric3gs.com/public_html/" local="128880378300000000" remote="129942586800000000" />
<file name="Euro.gif" server="barric3gs.com/public_html/" local="128880378300000000" remote="129942586800000000" />
<file name="Exit.gif" server="barric3gs.com/public_html/" local="128880378300000000" remote="129942586800000000" />
<file name="Fall.gif" server="barric3gs.com/public_html/" local="128880378300000000" remote="129942586800000000" />
<file name="Fast-forward.gif" server="barric3gs.com/public_html/" local="128880378300000000" remote="129942586800000000" />
<file name="Favourites.gif" server="barric3gs.com/public_html/" local="128880378300000000" remote="129942586800000000" />
<file name="Female.gif" server="barric3gs.com/public_html/" local="128880378300000000" remote="129942586800000000" />
<file name="Filter.gif" server="barric3gs.com/public_html/" local="128880378300000000" remote="129942586800000000" />
<file name="Find.gif" server="barric3gs.com/public_html/" local="128880378300000000" remote="129942586800000000" />
<file name="First record.gif" server="barric3gs.com/public_html/" local="128880378300000000" remote="129942586800000000" />
<file name="First.gif" server="barric3gs.com/public_html/" local="128880378300000000" remote="129942586800000000" />
<file name="Flag.gif" server="barric3gs.com/public_html/" local="128880378300000000" remote="129942586800000000" />
<file name="Folder.gif" server="barric3gs.com/public_html/" local="128880378300000000" remote="129942586800000000" />
<file name="Forbidden.gif" server="barric3gs.com/public_html/" local="128880378300000000" remote="129942586800000000" />
<file name="Forward.gif" server="barric3gs.com/public_html/" local="128880378300000000" remote="129942586800000000" />
<file name="Free bsd.gif" server="barric3gs.com/public_html/" local="128880378300000000" remote="129942586800000000" />
<file name="Go back.gif" server="barric3gs.com/public_html/" local="128880378300000000" remote="129942586800000000" />
<file name="Go forward.gif" server="barric3gs.com/public_html/" local="128880378300000000" remote="129942586800000000" />
<file name="Go.gif" server="barric3gs.com/public_html/" local="128880378300000000" remote="129942586800000000" />
<file name="Good-mark.gif" server="barric3gs.com/public_html/" local="128880378300000000" remote="129942586800000000" />
<file name="Green tag.gif" server="barric3gs.com/public_html/" local="128880378300000000" remote="129942586800000000" />
<file name="Heart.gif" server="barric3gs.com/public_html/" local="128880378300000000" remote="129942586800000000" />
<file name="Help book 3d.gif" server="barric3gs.com/public_html/" local="128880378300000000" remote="129942586800000000" />
<file name="Help book.gif" server="barric3gs.com/public_html/" local="128880378300000000" remote="129942586800000000" />
<file name="Help.gif" server="barric3gs.com/public_html/" local="128880378300000000" remote="129942587400000000" />
<file name="Hint.gif" server="barric3gs.com/public_html/" local="128880378300000000" remote="129942587400000000" />
<file name="Home.gif" server="barric3gs.com/public_html/" local="128880378300000000" remote="129942587400000000" />
<file name="How-to.gif" server="barric3gs.com/public_html/" local="128880378300000000" remote="129942587400000000" />
<file name="Hungup.gif" server="barric3gs.com/public_html/" local="128880378300000000" remote="129942587400000000" />
<file name="Info.gif" server="barric3gs.com/public_html/" local="128880378300000000" remote="129942587400000000" />
<file name="Key.gif" server="barric3gs.com/public_html/" local="128880378300000000" remote="129942587400000000" />
<file name="Last recor.gif" server="barric3gs.com/public_html/" local="128880378300000000" remote="129942587400000000" />
<file name="Last.gif" server="barric3gs.com/public_html/" local="128880378300000000" remote="129942587400000000" />
<file name="Left-right.gif" server="barric3gs.com/public_html/" local="128880378300000000" remote="129942587400000000" />
<file name="Lightning.gif" server="barric3gs.com/public_html/" local="128880378300000000" remote="129942587400000000" />
<file name="Linux.gif" server="barric3gs.com/public_html/" local="128880378300000000" remote="129942587400000000" />
<file name="List.gif" server="barric3gs.com/public_html/" local="128880378300000000" remote="129942587400000000" />
<file name="Load.gif" server="barric3gs.com/public_html/" local="128880378300000000" remote="129942587400000000" />
<file name="Lock.gif" server="barric3gs.com/public_html/" local="128880378300000000" remote="129942587400000000" />
<file name="Low rating.gif" server="barric3gs.com/public_html/" local="128880378300000000" remote="129942587400000000" />
<file name="Mail.gif" server="barric3gs.com/public_html/" local="128880378300000000" remote="129942587400000000" />
<file name="Male.gif" server="barric3gs.com/public_html/" local="128880378300000000" remote="129942587400000000" />
<file name="Medium rating.gif" server="barric3gs.com/public_html/" local="128880378300000000" remote="129942587400000000" />
<file name="Message.gif" server="barric3gs.com/public_html/" local="128880378300000000" remote="129942587400000000" />
<file name="Mobile-phone.gif" server="barric3gs.com/public_html/" local="128880378300000000" remote="129942587400000000" />
<file name="Modify.gif" server="barric3gs.com/public_html/" local="128880378300000000" remote="129942587400000000" />
<file name="Movie.gif" server="barric3gs.com/public_html/" local="128880378300000000" remote="129942587400000000" />
<file name="Music.gif" server="barric3gs.com/public_html/" local="128880378300000000" remote="129942587400000000" />
<file name="New document.gif" server="barric3gs.com/public_html/" local="128880378300000000" remote="129942588000000000" />
<file name="New.gif" server="barric3gs.com/public_html/" local="128880378300000000" remote="129942588000000000" />
<file name="Next track.gif" server="barric3gs.com/public_html/" local="128880378300000000" remote="129942588000000000" />
<file name="Next.gif" server="barric3gs.com/public_html/" local="128880378300000000" remote="129942588000000000" />
<file name="No-entry.gif" server="barric3gs.com/public_html/" local="128880378300000000" remote="129942588000000000" />
<file name="No.gif" server="barric3gs.com/public_html/" local="128880378300000000" remote="129942588000000000" />
<file name="Notes.gif" server="barric3gs.com/public_html/" local="128880378300000000" remote="129942588000000000" />
<file name="OK.gif" server="barric3gs.com/public_html/" local="128880378300000000" remote="129942588000000000" />
<file name="Paste.gif" server="barric3gs.com/public_html/" local="128880378300000000" remote="129942588000000000" />
<file name="Pause.gif" server="barric3gs.com/public_html/" local="128880378300000000" remote="129942588000000000" />
<file name="People.gif" server="barric3gs.com/public_html/" local="128880378300000000" remote="129942588000000000" />
<file name="Person.gif" server="barric3gs.com/public_html/" local="128880378300000000" remote="129942588000000000" />
<file name="Phone number.gif" server="barric3gs.com/public_html/" local="128880378300000000" remote="129942588000000000" />
<file name="Pie chart.gif" server="barric3gs.com/public_html/" local="128880378300000000" remote="129942588000000000" />
<file name="Pinion.gif" server="barric3gs.com/public_html/" local="128880378300000000" remote="129942588000000000" />
<file name="Play-music.gif" server="barric3gs.com/public_html/" local="128880378300000000" remote="129942588000000000" />
<file name="Play.gif" server="barric3gs.com/public_html/" local="128880378300000000" remote="129942588000000000" />
<file name="Playback.gif" server="barric3gs.com/public_html/" local="128880378300000000" remote="129942588000000000" />
<file name="Previous record.gif" server="barric3gs.com/public_html/" local="128880378300000000" remote="129942588000000000" />
<file name="Previous.gif" server="barric3gs.com/public_html/" local="128880378300000000" remote="129942588000000000" />
<file name="Problem.gif" server="barric3gs.com/public_html/" local="128880378300000000" remote="129942588000000000" />
<file name="Question.gif" server="barric3gs.com/public_html/" local="128880378300000000" remote="129942588000000000" />
<file name="Raise.gif" server="barric3gs.com/public_html/" local="128880378300000000" remote="129942588000000000" />
<file name="Record.gif" server="barric3gs.com/public_html/" local="128880378300000000" remote="129942588000000000" />
<file name="Red mark.gif" server="barric3gs.com/public_html/" local="128880378300000000" remote="129942588000000000" />
<file name="Red star.gif" server="barric3gs.com/public_html/" local="128880378300000000" remote="129942588600000000" />
<file name="Red tag.gif" server="barric3gs.com/public_html/" local="128880378300000000" remote="129942588600000000" />
<file name="Redo.gif" server="barric3gs.com/public_html/" local="128880378300000000" remote="129942588600000000" />
<file name="Refresh.gif" server="barric3gs.com/public_html/" local="128880378300000000" remote="129942588600000000" />
<file name="Remove.gif" server="barric3gs.com/public_html/" local="128880378300000000" remote="129942588600000000" />
<file name="Repair.gif" server="barric3gs.com/public_html/" local="128880378300000000" remote="129942588600000000" />
<file name="Report.gif" server="barric3gs.com/public_html/" local="128880378300000000" remote="129942588600000000" />
<file name="Retort.gif" server="barric3gs.com/public_html/" local="128880378300000000" remote="129942588600000000" />
<file name="Rewind.gif" server="barric3gs.com/public_html/" local="128880378300000000" remote="129942588600000000" />
<file name="right_box_img1.png" server="barric3gs.com/public_html/" local="129810294160000000" remote="129942588600000000" />
<file name="right_box_img2.png" server="barric3gs.com/public_html/" local="129810294160000000" remote="129942588600000000" />
<file name="Sad.gif" server="barric3gs.com/public_html/" local="128880378300000000" remote="129942588600000000" />
<file name="Save.gif" server="barric3gs.com/public_html/" local="128880378300000000" remote="129942588600000000" />
<file name="Search.gif" server="barric3gs.com/public_html/" local="128880378300000000" remote="129942588600000000" />
<file name="Shopping cart.gif" server="barric3gs.com/public_html/" local="128880378300000000" remote="129942588600000000" />
<file name="Smile.gif" server="barric3gs.com/public_html/" local="128880378300000000" remote="129942588600000000" />
<file name="Sound.gif" server="barric3gs.com/public_html/" local="128880378300000000" remote="129942588600000000" />
<file name="Stop sign.gif" server="barric3gs.com/public_html/" local="128880378300000000" remote="129942588600000000" />
<file name="Stop.gif" server="barric3gs.com/public_html/" local="128880378300000000" remote="129942588600000000" />
<file name="Sync.gif" server="barric3gs.com/public_html/" local="128880378300000000" remote="129942588600000000" />
<file name="Table.gif" server="barric3gs.com/public_html/" local="128880378300000000" remote="129942588600000000" />
<file name="Target.gif" server="barric3gs.com/public_html/" local="128880378300000000" remote="129942588600000000" />
<file name="Taxi.gif" server="barric3gs.com/public_html/" local="128880378300000000" remote="129942588600000000" />
<file name="Terminate.gif" server="barric3gs.com/public_html/" local="128880378300000000" remote="129942588600000000" />
<file name="Text preview.gif" server="barric3gs.com/public_html/" local="128880378300000000" remote="129942588600000000" />
<file name="Text.gif" server="barric3gs.com/public_html/" local="128880378300000000" remote="129942588600000000" />
<file name="Thumbs down.gif" server="barric3gs.com/public_html/" local="128880378300000000" remote="129942588600000000" />
<file name="Thumbs up.gif" server="barric3gs.com/public_html/" local="128880378300000000" remote="129942588600000000" />
<file name="Top.gif" server="barric3gs.com/public_html/" local="128880378300000000" remote="129942588600000000" />
<file name="Turn off.gif" server="barric3gs.com/public_html/" local="128880378300000000" remote="129942588600000000" />
<file name="Undo.gif" server="barric3gs.com/public_html/" local="128880378300000000" remote="129942589200000000" />
<file name="Unlock.gif" server="barric3gs.com/public_html/" local="128880378300000000" remote="129942589200000000" />
<file name="Up-down.gif" server="barric3gs.com/public_html/" local="128880378300000000" remote="129942589200000000" />
<file name="Up.gif" server="barric3gs.com/public_html/" local="128880378300000000" remote="129942589200000000" />
<file name="Update.gif" server="barric3gs.com/public_html/" local="128880378300000000" remote="129942589200000000" />
<file name="Upload.gif" server="barric3gs.com/public_html/" local="128880378300000000" remote="129942589200000000" />
<file name="User group.gif" server="barric3gs.com/public_html/" local="128880378300000000" remote="129942589200000000" />
<file name="View.gif" server="barric3gs.com/public_html/" local="128880378300000000" remote="129942589200000000" />
<file name="Warning.gif" server="barric3gs.com/public_html/" local="128880378300000000" remote="129942589200000000" />
<file name="Wrench.gif" server="barric3gs.com/public_html/" local="128880378300000000" remote="129942589200000000" />
<file name="Yes.gif" server="barric3gs.com/public_html/" local="128880378300000000" remote="129942589200000000" />
<file name="Zoom.gif" server="barric3gs.com/public_html/" local="128880378300000000" remote="129942589200000000" />
</dwsync>