<?xml version="1.0" encoding="UTF-8" standalone="no"?><!--
To change this template, choose Tools | Templates
and open the template in the editor.
--><config>
<server-config>
    <server-name>127.0.0.1</server-name>
    <port>
        3306
    </port>
    <database-name>identitycardgenerator</database-name>
    <username>root</username>
    <password/>
</server-config>
<remember-me>
    <is-remembered>true</is-remembered>
    <rem-username>john</rem-username>
    <rem-password>pass</rem-password>
</remember-me>
</config>